{"cameraMode":{"drawMode":0,"name":"Shaded","section":"Shading Mode"},"sceneLighting":true,"audioPlay":false,"sceneViewState":{"showFog":true,"showMaterialUpdate":false,"showSkybox":true,"showFlares":true,"showImageEffects":true,"showParticleSystems":true},"in2DMode":false,"pivot":{"x":2.6122236251831056,"y":0.1156005859375,"z":0.789264440536499},"rotation":{"x":-0.6192541122436523,"y":0.005179848056286573,"z":-0.004085063934326172,"w":-0.7851629853248596},"size":11.631385803222657,"orthographic":false}